condition_a,condition_b,n_both,pct_of_a,pct_of_b,conf_a_given_b,conf_b_given_a,lift
anemia,ckd,3749,3.75,3.75,0.1319,0.3675,1.29
anemia,diabetes,7796,7.8,7.8,0.2742,0.3096,1.09
anemia,high_cholesterol,6043,6.04,6.04,0.2125,0.1939,0.68
anemia,high_ldl,4649,4.65,4.65,0.1635,0.1847,0.65
anemia,high_triglycerides,9545,9.55,9.55,0.3357,0.2417,0.85
anemia,liver_issue,3551,3.55,3.55,0.1249,0.1769,0.62
anemia,low_hdl,15458,15.46,15.46,0.5437,0.3194,1.12
anemia,prediabetes,6069,6.07,6.07,0.2134,0.2877,1.01
anemia,thyroid_disorder,7745,7.75,7.75,0.2724,0.3285,1.16
ckd,diabetes,3653,3.65,3.65,0.3581,0.1451,1.42
ckd,high_cholesterol,3013,3.01,3.01,0.2954,0.0967,0.95
ckd,high_ldl,2507,2.51,2.51,0.2458,0.0996,0.98
ckd,high_triglycerides,4170,4.17,4.17,0.4088,0.1056,1.04
ckd,liver_issue,1622,1.62,1.62,0.159,0.0808,0.79
ckd,low_hdl,4715,4.72,4.72,0.4622,0.0974,0.96
ckd,prediabetes,2803,2.8,2.8,0.2748,0.1329,1.3
ckd,thyroid_disorder,3105,3.11,3.11,0.3044,0.1317,1.29
diabetes,high_cholesterol,7537,7.54,7.54,0.2994,0.2418,0.96
diabetes,high_ldl,5629,5.63,5.63,0.2236,0.2237,0.89
diabetes,high_triglycerides,12785,12.79,12.79,0.5078,0.3238,1.29
diabetes,liver_issue,5329,5.33,5.33,0.2117,0.2654,1.05
diabetes,low_hdl,13565,13.57,13.57,0.5388,0.2803,1.11
diabetes,thyroid_disorder,6563,6.56,6.56,0.2607,0.2784,1.11
high_cholesterol,high_ldl,22176,22.18,22.18,0.7116,0.8812,2.83
high_cholesterol,high_triglycerides,17805,17.81,17.81,0.5713,0.4509,1.45
high_cholesterol,liver_issue,7481,7.48,7.48,0.2401,0.3726,1.2
high_cholesterol,low_hdl,12086,12.09,12.09,0.3878,0.2498,0.8
high_cholesterol,prediabetes,7468,7.47,7.47,0.2396,0.354,1.14
high_cholesterol,thyroid_disorder,7773,7.77,7.77,0.2494,0.3297,1.06
high_ldl,high_triglycerides,12506,12.51,12.51,0.497,0.3167,1.26
high_ldl,liver_issue,5805,5.81,5.81,0.2307,0.2891,1.15
high_ldl,low_hdl,10941,10.94,10.94,0.4348,0.2261,0.9
high_ldl,prediabetes,6467,6.47,6.47,0.257,0.3066,1.22
high_ldl,thyroid_disorder,6280,6.28,6.28,0.2496,0.2664,1.06
high_triglycerides,liver_issue,10426,10.43,10.43,0.264,0.5192,1.32
high_triglycerides,low_hdl,23093,23.09,23.09,0.5848,0.4772,1.21
high_triglycerides,prediabetes,7738,7.74,7.74,0.196,0.3668,0.93
high_triglycerides,thyroid_disorder,9848,9.85,9.85,0.2494,0.4177,1.06
liver_issue,low_hdl,9541,9.54,9.54,0.4752,0.1972,0.98
liver_issue,prediabetes,4142,4.14,4.14,0.2063,0.1963,0.98
liver_issue,thyroid_disorder,4799,4.8,4.8,0.239,0.2036,1.01
low_hdl,prediabetes,10325,10.33,10.33,0.2134,0.4895,1.01
low_hdl,thyroid_disorder,12088,12.09,12.09,0.2498,0.5127,1.06
prediabetes,thyroid_disorder,5709,5.71,5.71,0.2706,0.2422,1.15
