age_group,gender,condition,n_patients,n_positive,pct
18-29,female,anemia,4828,1769,36.64
18-29,female,ckd,4828,48,0.99
18-29,female,diabetes,4828,176,3.65
18-29,female,high_cholesterol,4828,770,15.95
18-29,female,high_ldl,4828,606,12.55
18-29,female,high_triglycerides,4828,857,17.75
18-29,female,liver_issue,4828,459,9.51
18-29,female,low_hdl,4828,2881,59.67
18-29,female,prediabetes,4828,641,13.28
18-29,female,thyroid_disorder,4828,1139,23.59
18-29,male,anemia,6338,479,7.56
18-29,male,ckd,6338,134,2.11
18-29,male,diabetes,6338,322,5.08
18-29,male,high_cholesterol,6338,1556,24.55
18-29,male,high_ldl,6338,1421,22.42
18-29,male,high_triglycerides,6338,2049,32.33
18-29,male,liver_issue,6338,2133,33.65
18-29,male,low_hdl,6338,2334,36.83
18-29,male,prediabetes,6338,784,12.37
18-29,male,thyroid_disorder,6338,995,15.7
30-44,female,anemia,12879,5676,44.07
30-44,female,ckd,12879,471,3.66
30-44,female,diabetes,12879,1484,11.52
30-44,female,high_cholesterol,12879,3577,27.77
30-44,female,high_ldl,12879,2927,22.73
30-44,female,high_triglycerides,12879,3956,30.72
30-44,female,liver_issue,12879,1485,11.53
30-44,female,low_hdl,12879,8130,63.13
30-44,female,prediabetes,12879,2676,20.78
30-44,female,thyroid_disorder,12879,3637,28.24
30-44,male,anemia,20427,2006,9.82
30-44,male,ckd,20427,946,4.63
30-44,male,diabetes,20427,3661,17.92
30-44,male,high_cholesterol,20427,7956,38.95
30-44,male,high_ldl,20427,6429,31.47
30-44,male,high_triglycerides,20427,10307,50.46
30-44,male,liver_issue,20427,7765,38.01
30-44,male,low_hdl,20427,8742,42.8
30-44,male,prediabetes,20427,4123,20.18
30-44,male,thyroid_disorder,20427,3913,19.16
45-59,female,anemia,14148,5535,39.12
45-59,female,ckd,14148,1298,9.17
45-59,female,diabetes,14148,4127,29.17
45-59,female,high_cholesterol,14148,5665,40.04
45-59,female,high_ldl,14148,4457,31.5
45-59,female,high_triglycerides,14148,5563,39.32
45-59,female,liver_issue,14148,1675,11.84
45-59,female,low_hdl,14148,8221,58.11
45-59,female,prediabetes,14148,3650,25.8
45-59,female,thyroid_disorder,14148,4277,30.23
45-59,male,anemia,16810,2989,17.78
45-59,male,ckd,16810,1887,11.23
45-59,male,diabetes,16810,5851,34.81
45-59,male,high_cholesterol,16810,5467,32.52
45-59,male,high_ldl,16810,4477,26.63
45-59,male,high_triglycerides,16810,8027,47.75
45-59,male,liver_issue,16810,3952,23.51
45-59,male,low_hdl,16810,6824,40.59
45-59,male,prediabetes,16810,3486,20.74
45-59,male,thyroid_disorder,16810,3260,19.39
60-74,female,anemia,9169,4012,43.76
60-74,female,ckd,9169,1766,19.26
60-74,female,diabetes,9169,3520,38.39
60-74,female,high_cholesterol,9169,3117,33.99
60-74,female,high_ldl,9169,2352,25.65
60-74,female,high_triglycerides,9169,3465,37.79
60-74,female,liver_issue,9169,821,8.95
60-74,female,low_hdl,9169,5035,54.91
60-74,female,prediabetes,9169,2283,24.9
60-74,female,thyroid_disorder,9169,2691,29.35
60-74,male,anemia,11647,3921,33.67
60-74,male,ckd,11647,2515,21.59
60-74,male,diabetes,11647,4684,40.22
60-74,male,high_cholesterol,11647,2336,20.06
60-74,male,high_ldl,11647,1934,16.61
60-74,male,high_triglycerides,11647,4227,36.29
60-74,male,liver_issue,11647,1526,13.1
60-74,male,low_hdl,11647,4653,39.95
60-74,male,prediabetes,11647,2551,21.9
60-74,male,thyroid_disorder,11647,2611,22.42
75+,female,anemia,1630,896,54.97
75+,female,ckd,1630,491,30.12
75+,female,diabetes,1630,547,33.56
75+,female,high_cholesterol,1630,418,25.64
75+,female,high_ldl,1630,303,18.59
75+,female,high_triglycerides,1630,466,28.59
75+,female,liver_issue,1630,83,5.09
75+,female,low_hdl,1630,862,52.88
75+,female,prediabetes,1630,402,24.66
75+,female,thyroid_disorder,1630,495,30.37
75+,male,anemia,2124,1150,54.14
75+,male,ckd,2124,645,30.37
75+,male,diabetes,2124,805,37.9
75+,male,high_cholesterol,2124,302,14.22
75+,male,high_ldl,2124,259,12.19
75+,male,high_triglycerides,2124,569,26.79
75+,male,liver_issue,2124,180,8.47
75+,male,low_hdl,2124,709,33.38
75+,male,prediabetes,2124,499,23.49
75+,male,thyroid_disorder,2124,557,26.22
